latitude,longitude,county
32.05,-95.5,Anderson
31.87,-95.5,Anderson
31.75,-95.64,Anderson
31.75,-95.64,Anderson
31.75,-95.64,Anderson
31.95,-95.97,Anderson
31.62,-95.57,Anderson
31.93,-95.76,Anderson
31.88,-95.91,Anderson
31.88,-95.91,Anderson
31.75,-95.64,Anderson
31.88,-95.91,Anderson
31.88,-95.91,Anderson
32.32,-102.54,Andrews
31.33,-94.72,Angelina
31.33,-94.72,Angelina
31.33,-94.72,Angelina
31.33,-94.72,Angelina
31.33,-94.72,Angelina
31.18,-94.78,Angelina
31.27,-94.57,Angelina
31.42,-94.86,Angelina
31.15,-94.41,Angelina
28.07,-97.03,Aransas
28.04,-97.05,Aransas
28.04,-97.05,Aransas
33.59,-98.62,Archer
33.81,-98.68,Archer
33.45,-98.92,Archer
33.64,-98.45,Archer
33.57,-98.43,Archer
35.1,-101.36,Armstrong
34.79,-101.54,Armstrong
28.75,-98.3,Atascosa
28.85,-98.7,Atascosa
28.78,-98.49,Atascosa
28.91,-98.54,Atascosa
29.06,-98.48,Atascosa
29.23,-98.79,Atascosa
28.79,-98.24,Atascosa
28.96,-98.49,Atascosa
29.03,-98.57,Atascosa
29.22,-98.65,Atascosa
29.94,-96.25,Austin
30.04,-96.29,Austin
29.77,-96.15,Austin
29.63,-96.06,Austin
30.02,-96.44,Austin
29.99,-96.49,Austin
29.87,-96.49,Austin
33.86,-102.67,Bailey
33.87,-102.75,Bailey
33.84,-102.89,Bailey
34.22,-102.72,Bailey
29.72,-99.07,Bandera
29.8,-99.25,Bandera
29.71,-98.93,Bandera
29.63,-99.28,Bandera
29.73,-99.55,Bandera
30.11,-97.3,Bastrop
30.08,-97.5,Bastrop
30.34,-97.37,Bastrop
30.3,-97.22,Bastrop
30.21,-97.11,Bastrop
29.99,-97.39,Bastrop
29.93,-97.3,Bastrop
30,-97.15,Bastrop
33.59,-99.25,Baylor
28.4,-97.74,Bee
28.4,-97.74,Bee
28.55,-97.97,Bee
28.53,-97.79,Bee
28.57,-97.8,Bee
28.56,-97.8,Bee
28.23,-97.68,Bee
28.15,-97.73,Bee
31.09,-97.36,Bell
31.09,-97.36,Bell
31.09,-97.36,Bell
31.09,-97.36,Bell
31.09,-97.36,Bell
31.09,-97.36,Bell
30.79,-97.42,Bell
31.06,-97.46,Bell
31.01,-97.32,Bell
30.88,-97.4,Bell
31.09,-97.71,Bell
31.09,-97.71,Bell
31.09,-97.71,Bell
31.09,-97.71,Bell
31.11,-97.72,Bell
31.11,-97.72,Bell
31.09,-97.71,Bell
31.06,-97.65,Bell
31.09,-97.71,Bell
30.97,-97.37,Bell
31.07,-97.61,Bell
31.12,-97.23,Bell
30.93,-97.22,Bell
30.95,-97.52,Bell
31.19,-97.3,Bell
29.28,-98.73,Bexar
29.8,-98.73,Bexar
29.56,-98.69,Bexar
29.41,-98.63,Bexar
29.25,-98.62,Bexar
29.37,-98.25,Bexar
29.51,-98.31,Bexar
29.25,-98.33,Bexar
29.55,-98.3,Bexar
29.55,-98.3,Bexar
29.42,-98.21,Bexar
29.45,-98.5,Bexar
29.45,-98.5,Bexar
29.45,-98.5,Bexar
29.45,-98.5,Bexar
29.45,-98.5,Bexar
29.45,-98.5,Bexar
29.45,-98.5,Bexar
29.45,-98.5,Bexar
29.45,-98.5,Bexar
29.45,-98.5,Bexar
29.45,-98.5,Bexar
29.45,-98.5,Bexar
29.45,-98.5,Bexar
29.45,-98.5,Bexar
29.45,-98.5,Bexar
29.45,-98.5,Bexar
29.45,-98.5,Bexar
29.45,-98.5,Bexar
29.45,-98.5,Bexar
29.45,-98.5,Bexar
29.45,-98.5,Bexar
29.45,-98.5,Bexar
29.45,-98.5,Bexar
29.45,-98.5,Bexar
29.45,-98.5,Bexar
29.45,-98.5,Bexar
29.45,-98.5,Bexar
29.45,-98.5,Bexar
29.45,-98.5,Bexar
29.45,-98.5,Bexar
29.45,-98.5,Bexar
29.45,-98.5,Bexar
29.45,-98.5,Bexar
29.45,-98.5,Bexar
29.45,-98.5,Bexar
29.45,-98.5,Bexar
29.45,-98.5,Bexar
29.45,-98.5,Bexar
29.45,-98.5,Bexar
29.45,-98.5,Bexar
29.45,-98.5,Bexar
29.45,-98.5,Bexar
29.45,-98.5,Bexar
29.45,-98.5,Bexar
29.45,-98.5,Bexar
29.45,-98.5,Bexar
29.45,-98.5,Bexar
29.45,-98.5,Bexar
29.45,-98.5,Bexar
29.45,-98.5,Bexar
29.45,-98.5,Bexar
29.45,-98.5,Bexar
29.45,-98.5,Bexar
29.45,-98.5,Bexar
29.45,-98.5,Bexar
29.45,-98.5,Bexar
29.45,-98.5,Bexar
29.45,-98.5,Bexar
29.45,-98.5,Bexar
29.45,-98.5,Bexar
29.45,-98.5,Bexar
29.42,-98.49,Bexar
29.45,-98.5,Bexar
29.45,-98.5,Bexar
29.45,-98.5,Bexar
29.45,-98.5,Bexar
29.45,-98.5,Bexar
29.45,-98.5,Bexar
29.53,-98.42,Bexar
29.45,-98.5,Bexar
29.45,-98.5,Bexar
29.45,-98.5,Bexar
29.45,-98.5,Bexar
29.45,-98.5,Bexar
29.45,-98.5,Bexar
29.42,-98.49,Bexar
29.45,-98.5,Bexar
29.45,-98.5,Bexar
29.45,-98.5,Bexar
29.45,-98.5,Bexar
29.45,-98.5,Bexar
29.45,-98.5,Bexar
29.45,-98.5,Bexar
29.45,-98.5,Bexar
29.45,-98.5,Bexar
29.45,-98.5,Bexar
29.45,-98.5,Bexar
29.45,-98.5,Bexar
30.09,-98.42,Blanco
30.22,-98.53,Blanco
30.27,-98.4,Blanco
30.43,-98.35,Blanco
32.77,-101.45,Borden
31.78,-97.58,Bosque
31.77,-97.82,Bosque
31.78,-97.58,Bosque
31.98,-97.87,Bosque
32.11,-97.58,Bosque
31.92,-97.64,Bosque
32.01,-97.6,Bosque
31.65,-97.47,Bosque
32.05,-97.75,Bosque
33.44,-94.07,Bowie
33.44,-94.07,Bowie
33.44,-94.07,Bowie
33.44,-94.07,Bowie
33.44,-94.07,Bowie
33.5,-94.61,Bowie
33.46,-94.28,Bowie
33.33,-94.34,Bowie
33.44,-94.12,Bowie
33.46,-94.41,Bowie
33.35,-94.25,Bowie
33.35,-94.5,Bowie
33.44,-94.07,Bowie
29.04,-95.56,Brazoria
29.27,-95.72,Brazoria
29.19,-95.72,Brazoria
29.33,-95.76,Brazoria
29.19,-95.72,Brazoria
29.04,-95.69,Brazoria
29.14,-95.64,Brazoria
29.43,-95.24,Brazoria
29.43,-95.24,Brazoria
29.16,-95.42,Brazoria
29.16,-95.42,Brazoria
29.02,-95.39,Brazoria
29.22,-95.34,Brazoria
28.95,-95.36,Brazoria
28.95,-95.36,Brazoria
29.04,-95.44,Brazoria
29.29,-95.27,Brazoria
29.48,-95.35,Brazoria
29.55,-95.27,Brazoria
29.37,-95.45,Brazoria
29.55,-95.27,Brazoria
29.55,-95.27,Brazoria
30.66,-96.36,Brazos
30.66,-96.36,Brazos
30.66,-96.36,Brazos
30.66,-96.36,Brazos
30.66,-96.36,Brazos
30.66,-96.36,Brazos
30.66,-96.36,Brazos
30.6,-96.31,Brazos
30.6,-96.31,Brazos
30.6,-96.31,Brazos
30.6,-96.31,Brazos
30.6,-96.31,Brazos
30.6,-96.31,Brazos
30.75,-96.33,Brazos
30.46,-96.2,Brazos
30.53,-96.3,Brazos
30.36,-103.66,Brewster
30.36,-103.66,Brewster
30.36,-103.66,Brewster
29.28,-103.18,Brewster
30.2,-103.24,Brewster
29.32,-103.62,Brewster
34.36,-101.05,Briscoe
34.47,-101.3,Briscoe
26.93,-98.13,Brooks
27.22,-98.14,Brooks
31.82,-98.78,Brown
31.72,-98.97,Brown
31.74,-98.94,Brown
31.72,-98.97,Brown
31.72,-98.97,Brown
31.71,-99.13,Brown
31.55,-99.11,Brown
31.97,-98.91,Brown
31.67,-98.79,Brown
30.52,-96.7,Burleson
30.59,-96.79,Burleson
30.43,-96.74,Burleson
30.38,-96.56,Burleson
30.49,-96.46,Burleson
30.34,-96.53,Burleson
30.74,-98.05,Burnet
30.86,-97.91,Burnet
30.76,-98.22,Burnet
30.57,-98.27,Burnet
29.87,-97.53,Caldwell
29.75,-97.76,Caldwell
29.87,-97.67,Caldwell
29.68,-97.64,Caldwell
29.84,-97.84,Caldwell
29.88,-97.83,Caldwell
29.71,-97.72,Caldwell
28.67,-96.55,Calhoun
28.61,-96.62,Calhoun
28.44,-96.4,Calhoun
28.41,-96.71,Calhoun
32.12,-99.16,Callahan
32.36,-99.19,Callahan
32.39,-99.39,Callahan
32.4,-99.49,Callahan
25.92,-97.48,Cameron
25.92,-97.48,Cameron
25.92,-97.48,Cameron
25.92,-97.48,Cameron
25.92,-97.48,Cameron
26.24,-97.72,Cameron
26.19,-97.68,Cameron
26.19,-97.68,Cameron
26.19,-97.68,Cameron
26.19,-97.68,Cameron
26.15,-97.82,Cameron
26.07,-97.47,Cameron
26.1,-97.65,Cameron
26.1,-97.47,Cameron
26.03,-97.55,Cameron
26.07,-97.22,Cameron
26.23,-97.58,Cameron
26.13,-97.63,Cameron
26.1,-97.65,Cameron
26.25,-97.82,Cameron
26.41,-97.23,Cameron
32.96,-95.1,Camp
32.99,-94.96,Camp
35.2,-101.1,Carson
35.34,-101.38,Carson
35.57,-101.17,Carson
35.43,-101.17,Carson
33.11,-94.16,Cass
32.95,-94.14,Cass
33.13,-94.05,Cass
33.19,-94.35,Cass
32.94,-94.2,Cass
33.01,-94.36,Cass
32.95,-94.07,Cass
33.17,-94.54,Cass
33.2,-94.67,Cass
33.14,-94.15,Cass
32.99,-94.63,Cass
34.54,-102.31,Castro
34.38,-102.11,Castro
34.54,-102.1,Castro
34.74,-102.51,Castro
29.76,-94.67,Chambers
29.76,-94.87,Chambers
29.87,-94.57,Chambers
29.85,-94.88,Chambers
29.86,-94.69,Chambers
29.78,-94.37,Chambers
29.81,-94.38,Chambers
32.14,-95.31,Cherokee
32.03,-95.41,Cherokee
31.89,-95.15,Cherokee
31.96,-95.26,Cherokee
31.85,-95.32,Cherokee
31.98,-95.1,Cherokee
31.86,-94.98,Cherokee
31.79,-95.14,Cherokee
32.14,-95.12,Cherokee
31.65,-95.07,Cherokee
31.49,-94.94,Cherokee
34.42,-100.24,Childress
34.38,-100.39,Childress
33.63,-98.01,Clay
33.67,-98.25,Clay
34.07,-98.19,Clay
33.81,-98.19,Clay
34.01,-98.23,Clay
33.61,-103.02,Cochran
33.72,-102.75,Cochran
33.59,-102.61,Cochran
31.88,-100.29,Coke
31.89,-100.48,Coke
32.07,-100.68,Coke
31.74,-100.28,Coke
31.99,-99.22,Coleman
31.83,-99.42,Coleman
31.55,-99.47,Coleman
31.5,-99.37,Coleman
31.73,-99.32,Coleman
31.77,-99.7,Coleman
31.75,-99.54,Coleman
31.62,-99.56,Coleman
32.06,-99.68,Coleman
31.98,-99.62,Coleman
33.1,-96.66,Collin
33.32,-96.78,Collin
33.1,-96.66,Collin
33.04,-96.74,Collin
33.04,-96.74,Collin
33.04,-96.74,Collin
33.04,-96.74,Collin
33.14,-96.81,Collin
33.2,-96.65,Collin
33.2,-96.65,Collin
33.2,-96.65,Collin
33.04,-96.74,Collin
33.04,-96.74,Collin
33.24,-96.78,Collin
32.97,-96.7,Collin
33.04,-96.74,Collin
33.04,-96.74,Collin
33.04,-96.74,Collin
33.32,-96.64,Collin
33.04,-96.51,Collin
33.08,-96.42,Collin
33.06,-96.31,Collin
33.02,-96.43,Collin
33.03,-96.37,Collin
32.79,-96.76,Collin
32.79,-96.76,Collin
33.18,-96.5,Collin
33.35,-96.54,Collin
33.29,-96.39,Collin
33.16,-96.35,Collin
33.28,-96.57,Collin
33.35,-96.45,Collin
35.05,-100.28,Collingsworth
34.85,-100.21,Collingsworth
34.76,-100.02,Collingsworth
34.9,-100.4,Collingsworth
29.57,-96.48,Colorado
29.58,-96.32,Colorado
29.45,-96.51,Colorado
29.42,-96.39,Colorado
29.56,-96.59,Colorado
29.51,-96.69,Colorado
29.84,-96.32,Colorado
29.7,-96.55,Colorado
29.74,-96.46,Colorado
29.67,-96.54,Colorado
29.62,-96.8,Colorado
29.7,-96.77,Colorado
29.86,-98.4,Comal
29.7,-98.11,Comal
29.7,-98.11,Comal
29.7,-98.11,Comal
29.87,-98.26,Comal
29.7,-98.11,Comal
29.73,-98.45,Comal
29.45,-98.5,Comal
29.96,-98.26,Comal
31.89,-98.6,Comanche
32.11,-98.53,Comanche
31.75,-98.36,Comanche
31.84,-98.4,Comanche
32.01,-98.42,Comanche
31.92,-98.77,Comanche
31.21,-99.84,Concho
31.56,-100.07,Concho
31.4,-99.75,Concho
31.5,-99.92,Concho
31.39,-100.08,Concho
33.49,-97.3,Cooke
33.63,-97.15,Cooke
33.63,-97.15,Cooke
33.63,-97.21,Cooke
33.65,-97.37,Cooke
33.48,-97.45,Cooke
33.48,-97.16,Cooke
31.11,-97.9,Coryell
31.47,-98.14,Coryell
31.31,-97.57,Coryell
31.44,-97.73,Coryell
31.59,-97.75,Coryell
31.09,-97.71,Coryell
31.31,-97.57,Coryell
31.41,-97.5,Coryell
31.46,-97.9,Coryell
31.44,-97.73,Coryell
31.44,-97.73,Coryell
31.44,-97.73,Coryell
31.44,-97.73,Coryell
34.22,-100.44,Cottle
34.01,-100.3,Cottle
31.39,-102.35,Crane
31.07,-102.39,Crane
30.7,-101.2,Crockett
33.64,-101.23,Crosby
33.67,-101.53,Crosby
33.67,-101.38,Crosby
31.74,-105.08,Culberson
31.04,-104.83,Culberson
36.06,-102.51,Dallam
36.45,-102.24,Dallam
36.37,-103.01,Dallam
32.96,-96.83,Dallas
32.98,-96.89,Dallas
32.98,-96.89,Dallas
32.85,-96.96,Dallas
32.85,-96.96,Dallas
32.85,-96.96,Dallas
32.85,-96.96,Dallas
32.96,-96.99,Dallas
32.9,-96.55,Dallas
32.78,-96.8,Dallas
32.85,-96.96,Dallas
32.85,-96.96,Dallas
32.91,-96.62,Dallas
32.91,-96.62,Dallas
32.91,-96.62,Dallas
32.91,-96.62,Dallas
32.91,-96.62,Dallas
32.91,-96.62,Dallas
32.91,-96.62,Dallas
32.91,-96.62,Dallas
32.91,-96.62,Dallas
32.91,-96.62,Dallas
32.69,-97.01,Dallas
32.69,-97.01,Dallas
32.69,-97.01,Dallas
32.69,-97.01,Dallas
32.85,-96.96,Dallas
32.85,-96.96,Dallas
32.85,-96.96,Dallas
32.85,-96.96,Dallas
32.97,-96.7,Dallas
32.97,-96.7,Dallas
32.97,-96.7,Dallas
32.97,-96.7,Dallas
32.9,-96.55,Dallas
32.9,-96.55,Dallas
32.96,-96.99,Dallas
32.58,-96.95,Dallas
32.58,-96.95,Dallas
32.58,-96.86,Dallas
32.64,-96.91,Dallas
32.58,-96.86,Dallas
32.59,-96.78,Dallas
32.64,-96.91,Dallas
32.64,-96.91,Dallas
32.64,-96.7,Dallas
32.59,-96.78,Dallas
32.76,-96.59,Dallas
32.76,-96.59,Dallas
32.65,-96.54,Dallas
32.59,-96.68,Dallas
32.76,-96.59,Dallas
32.76,-96.59,Dallas
32.79,-96.55,Dallas
32.76,-96.59,Dallas
32.76,-96.59,Dallas
32.79,-96.76,Dallas
32.79,-96.76,Dallas
32.79,-96.76,Dallas
32.79,-96.76,Dallas
32.79,-96.76,Dallas
32.79,-96.76,Dallas
32.79,-96.76,Dallas
32.79,-96.76,Dallas
32.79,-96.76,Dallas
32.79,-96.76,Dallas
32.79,-96.76,Dallas
32.79,-96.76,Dallas
32.79,-96.76,Dallas
32.79,-96.76,Dallas
32.79,-96.76,Dallas
32.79,-96.76,Dallas
32.79,-96.76,Dallas
32.79,-96.76,Dallas
32.79,-96.76,Dallas
32.79,-96.76,Dallas
32.79,-96.76,Dallas
32.79,-96.76,Dallas
32.79,-96.76,Dallas
32.79,-96.76,Dallas
32.79,-96.76,Dallas
32.79,-96.76,Dallas
32.79,-96.76,Dallas
32.79,-96.76,Dallas
32.79,-96.76,Dallas
32.79,-96.76,Dallas
32.79,-96.76,Dallas
32.79,-96.76,Dallas
32.79,-96.76,Dallas
32.79,-96.76,Dallas
32.79,-96.76,Dallas
32.79,-96.76,Dallas
32.79,-96.76,Dallas
32.79,-96.76,Dallas
32.79,-96.76,Dallas
32.79,-96.76,Dallas
32.79,-96.76,Dallas
32.79,-96.76,Dallas
32.82,-96.83,Dallas
32.79,-96.76,Dallas
32.79,-96.76,Dallas
32.79,-96.76,Dallas
32.79,-96.76,Dallas
32.79,-96.76,Dallas
32.79,-96.76,Dallas
32.79,-96.76,Dallas
32.79,-96.76,Dallas
32.8,-96.88,Dallas
32.79,-96.76,Dallas
32.79,-96.76,Dallas
32.79,-96.76,Dallas
32.79,-96.76,Dallas
32.79,-96.76,Dallas
32.79,-96.76,Dallas
32.79,-96.76,Dallas
32.79,-96.76,Dallas
32.79,-96.76,Dallas
32.79,-96.76,Dallas
32.79,-96.76,Dallas
32.79,-96.76,Dallas
32.79,-96.76,Dallas
32.78,-96.8,Dallas
32.79,-96.76,Dallas
32.79,-96.76,Dallas
32.78,-96.8,Dallas
32.79,-96.76,Dallas
32.79,-96.76,Dallas
32.79,-96.76,Dallas
32.79,-96.76,Dallas
32.96,-96.8,Dallas
32.79,-96.76,Dallas
32.67,-96.61,Dallas
32.79,-96.76,Dallas
32.79,-96.76,Dallas
32.76,-96.86,Dallas
32.79,-96.76,Dallas
32.76,-96.86,Dallas
32.78,-96.79,Dallas
32.78,-96.8,Dallas
32.79,-96.76,Dallas
32.79,-96.76,Dallas
32.79,-96.76,Dallas
32.79,-96.76,Dallas
32.94,-96.87,Dallas
32.79,-96.76,Dallas
32.79,-96.76,Dallas
32.93,-96.79,Dallas
32.78,-96.8,Dallas
32.79,-96.76,Dallas
32.79,-96.76,Dallas
32.79,-96.76,Dallas
32.79,-96.76,Dallas
32.79,-96.76,Dallas
32.79,-96.76,Dallas
32.79,-96.76,Dallas
32.79,-96.76,Dallas
32.79,-96.76,Dallas
32.79,-96.76,Dallas
32.79,-96.76,Dallas
32.79,-96.76,Dallas
32.79,-96.76,Dallas
32.78,-96.87,Dallas
32.78,-96.8,Dallas
32.78,-96.8,Dallas
32.79,-96.76,Dallas
32.79,-96.76,Dallas
32.79,-96.76,Dallas
32.79,-96.76,Dallas
32.79,-96.76,Dallas
32.79,-96.76,Dallas
32.79,-96.76,Dallas
32.78,-96.8,Dallas
32.79,-96.76,Dallas
32.79,-96.76,Dallas
32.73,-101.95,Dawson
32.93,-102.13,Dawson
32.52,-101.71,Dawson
29.09,-97.28,De Witt
29.31,-97.3,De Witt
28.92,-97.3,De Witt
29,-97.15,De Witt
28.83,-97.41,De Witt
29.2,-97.46,De Witt
28.92,-97.61,De Witt
28.98,-97.5,De Witt
34.91,-102.19,Deaf Smith
34.82,-102.39,Deaf Smith
33.47,-95.77,Delta
33.37,-95.69,Delta
33.43,-95.65,Delta
33.32,-95.75,Delta
33.46,-95.61,Delta
33.43,-95.85,Delta
32.98,-96.89,Denton
32.98,-96.89,Denton
33.02,-97.09,Denton
33.02,-97.09,Denton
33.02,-97.09,Denton
33.04,-96.98,Denton
33.14,-96.81,Denton
33.09,-96.88,Denton
33.04,-96.98,Denton
33.12,-97.02,Denton
33.04,-96.98,Denton
33.16,-96.93,Denton
33.04,-96.98,Denton
32.75,-97.33,Denton
33.21,-97.13,Denton
33.21,-97.13,Denton
33.21,-97.13,Denton
33.21,-97.13,Denton
33.21,-97.13,Denton
33.21,-97.13,Denton
33.21,-97.13,Denton
33.21,-97.13,Denton
33.23,-97.11,Denton
33.14,-97.06,Denton
33.11,-97.17,Denton
33.3,-96.98,Denton
33.08,-97.29,Denton
33.26,-97.22,Denton
33.62,-97.31,Denton
33.39,-96.95,Denton
33.17,-97.28,Denton
33,-97.23,Denton
33.36,-97.17,Denton
32.99,-97.23,Denton
33.76,-100.81,Dickens
33.62,-100.83,Dickens
33.77,-100.96,Dickens
33.47,-100.85,Dickens
28.44,-99.76,Dimmit
28.56,-99.57,Dimmit
28.52,-99.85,Dimmit
28.35,-99.61,Dimmit
34.93,-100.89,Donley
34.86,-100.65,Donley
34.9,-100.77,Donley
27.59,-98.4,Duval
27.38,-98.27,Duval
27.88,-98.61,Duval
27.42,-98.55,Duval
27.75,-98.23,Duval
32.26,-98.82,Eastland
32.38,-98.98,Eastland
32.29,-98.56,Eastland
32.4,-98.81,Eastland
32.21,-98.67,Eastland
32.42,-98.73,Eastland
32.47,-98.67,Eastland
32.09,-98.96,Eastland
31.98,-102.61,Ector
32.02,-102.36,Ector
31.92,-102.76,Ector
31.85,-102.36,Ector
31.85,-102.36,Ector
31.85,-102.36,Ector
31.85,-102.36,Ector
31.85,-102.36,Ector
31.85,-102.36,Ector
31.85,-102.36,Ector
31.85,-102.36,Ector
31.85,-102.36,Ector
31.73,-102.59,Ector
29.7,-100.03,Edwards
30.01,-100.21,Edwards
31.99,-106.59,El Paso
31.91,-106.59,El Paso
31.59,-106.22,El Paso
31.5,-106.15,El Paso
31.57,-106.26,El Paso
31.44,-106.08,El Paso
31.84,-106.43,El Paso
31.84,-106.43,El Paso
31.84,-106.43,El Paso
31.84,-106.43,El Paso
31.84,-106.43,El Paso
31.84,-106.43,El Paso
31.84,-106.43,El Paso
31.84,-106.43,El Paso
31.84,-106.43,El Paso
31.84,-106.43,El Paso
31.84,-106.43,El Paso
31.84,-106.43,El Paso
31.84,-106.43,El Paso
31.84,-106.43,El Paso
31.84,-106.43,El Paso
31.84,-106.43,El Paso
31.84,-106.43,El Paso
31.84,-106.43,El Paso
31.84,-106.43,El Paso
31.84,-106.43,El Paso
31.84,-106.43,El Paso
31.84,-106.43,El Paso
31.84,-106.43,El Paso
31.84,-106.43,El Paso
31.65,-106.15,El Paso
31.84,-106.43,El Paso
31.84,-106.43,El Paso
31.84,-106.43,El Paso
31.84,-106.43,El Paso
31.84,-106.43,El Paso
31.84,-106.43,El Paso
31.84,-106.43,El Paso
31.84,-106.43,El Paso
31.84,-106.43,El Paso
31.84,-106.43,El Paso
31.84,-106.43,El Paso
31.84,-106.43,El Paso
31.84,-106.43,El Paso
31.84,-106.43,El Paso
31.84,-106.43,El Paso
31.84,-106.43,El Paso
31.84,-106.43,El Paso
31.84,-106.43,El Paso
31.84,-106.43,El Paso
31.84,-106.43,El Paso
31.84,-106.43,El Paso
31.84,-106.43,El Paso
31.84,-106.43,El Paso
31.84,-106.43,El Paso
31.84,-106.43,El Paso
31.84,-106.43,El Paso
31.84,-106.43,El Paso
31.84,-106.43,El Paso
31.84,-106.43,El Paso
31.84,-106.43,El Paso
31.84,-106.43,El Paso
31.84,-106.43,El Paso
31.84,-106.43,El Paso
31.84,-106.43,El Paso
31.84,-106.43,El Paso
31.84,-106.43,El Paso
31.84,-106.43,El Paso
31.84,-106.43,El Paso
31.84,-106.43,El Paso
31.84,-106.43,El Paso
31.84,-106.43,El Paso
31.84,-106.43,El Paso
31.84,-106.43,El Paso
31.84,-106.43,El Paso
31.84,-106.43,El Paso
31.84,-106.43,El Paso
31.84,-106.43,El Paso
31.84,-106.43,El Paso
31.84,-106.43,El Paso
31.84,-106.43,El Paso
31.84,-106.43,El Paso
31.84,-106.43,El Paso
31.84,-106.43,El Paso
31.84,-106.43,El Paso
31.84,-106.43,El Paso
31.84,-106.43,El Paso
31.84,-106.43,El Paso
31.84,-106.43,El Paso
31.84,-106.43,El Paso
31.84,-106.43,El Paso
31.84,-106.43,El Paso
31.84,-106.43,El Paso
31.84,-106.43,El Paso
31.84,-106.43,El Paso
31.84,-106.43,El Paso
31.84,-106.43,El Paso
31.84,-106.43,El Paso
31.84,-106.43,El Paso
31.84,-106.43,El Paso
31.84,-106.43,El Paso
31.84,-106.43,El Paso
31.84,-106.43,El Paso
31.84,-106.43,El Paso
31.84,-106.43,El Paso
31.84,-106.43,El Paso
31.84,-106.43,El Paso
31.84,-106.43,El Paso
31.84,-106.43,El Paso
31.84,-106.43,El Paso
31.84,-106.43,El Paso
31.84,-106.43,El Paso
31.84,-106.43,El Paso
31.84,-106.43,El Paso
31.84,-106.43,El Paso
31.84,-106.43,El Paso
31.84,-106.43,El Paso
31.84,-106.43,El Paso
31.84,-106.43,El Paso
31.84,-106.43,El Paso
31.84,-106.43,El Paso
31.84,-106.43,El Paso
31.84,-106.43,El Paso
31.84,-106.43,El Paso
31.84,-106.43,El Paso
31.84,-106.43,El Paso
31.84,-106.43,El Paso
31.84,-106.43,El Paso
31.84,-106.43,El Paso
31.84,-106.43,El Paso
31.84,-106.43,El Paso
31.84,-106.43,El Paso
31.84,-106.43,El Paso
31.84,-106.43,El Paso
31.84,-106.43,El Paso
31.84,-106.43,El Paso
31.84,-106.43,El Paso
31.84,-106.43,El Paso
31.84,-106.43,El Paso
31.84,-106.43,El Paso
31.84,-106.43,El Paso
31.84,-106.43,El Paso
31.84,-106.43,El Paso
31.84,-106.43,El Paso
31.84,-106.43,El Paso
31.84,-106.43,El Paso
32.26,-96.69,Ellis
32.33,-96.62,Ellis
32.33,-96.62,Ellis
32.53,-96.66,Ellis
32.42,-96.67,Ellis
32.51,-96.8,Ellis
32.4,-96.85,Ellis
32.4,-96.85,Ellis
32.4,-96.85,Ellis
32.27,-96.89,Ellis
32.31,-97,Ellis
32.49,-96.99,Ellis
32.33,-96.8,Ellis
32.18,-96.88,Ellis
32.12,-96.94,Ellis
32.21,-98.21,Erath
32.21,-98.21,Erath
32.35,-98.02,Erath
32.08,-98.33,Erath
32.26,-98.36,Erath
32.4,-98.17,Erath
31.35,-97.3,Falls
31.07,-96.97,Falls
31.29,-97.11,Falls
31.2,-97.03,Falls
31.3,-96.89,Falls
31.23,-96.75,Falls
31.38,-97.02,Falls
33.43,-96.16,Fannin
33.58,-96.18,Fannin
33.57,-96.07,Fannin
33.57,-96.27,Fannin
33.46,-96.1,Fannin
33.58,-95.9,Fannin
33.71,-96.14,Fannin
33.42,-95.94,Fannin
33.38,-96.24,Fannin
33.48,-96.25,Fannin
33.71,-96.13,Fannin
33.59,-96.36,Fannin
33.8,-96,Fannin
33.42,-96.33,Fannin
33.56,-95.99,Fannin
30.14,-96.68,Fayette
29.83,-96.7,Fayette
29.9,-96.67,Fayette
29.68,-97.1,Fayette
29.9,-96.87,Fayette
29.81,-97.06,Fayette
29.92,-96.95,Fayette
30.06,-96.69,Fayette
29.68,-96.9,Fayette
30.05,-96.92,Fayette
30.06,-96.69,Fayette
29.96,-97.03,Fayette
32.79,-100.22,Fisher
32.74,-100.37,Fisher
32.85,-100.46,Fisher
32.72,-100.25,Fisher
34.14,-101.52,Floyd
33.94,-101.08,Floyd
33.98,-101.33,Floyd
34.12,-101.44,Floyd
34.22,-101.3,Floyd
33.98,-99.72,Foard
29.58,-95.76,Fort Bend
29.68,-95.7,Fort Bend
29.49,-95.91,Fort Bend
29.69,-95.88,Fort Bend
29.44,-96,Fort Bend
29.57,-95.53,Fort Bend
29.39,-95.83,Fort Bend
29.6,-95.96,Fort Bend
29.58,-95.76,Fort Bend
29.54,-95.79,Fort Bend
29.68,-95.99,Fort Bend
29.62,-95.56,Fort Bend
29.61,-95.61,Fort Bend
29.61,-95.61,Fort Bend
29.49,-95.61,Fort Bend
29.61,-95.61,Fort Bend
29.57,-95.53,Fort Bend
29.79,-95.82,Fort Bend
29.61,-95.61,Fort Bend
29.62,-95.56,Fort Bend
29.63,-95.65,Fort Bend
29.53,-95.45,Fort Bend
33.17,-95.22,Franklin
33,-95.21,Franklin
31.47,-96.24,Freestone
31.71,-96.16,Freestone
31.76,-96.32,Freestone
31.87,-96.32,Freestone
31.63,-96.28,Freestone
31.79,-96.46,Freestone
29.05,-98.85,Frio
28.66,-99.17,Frio
29.05,-99.01,Frio
28.88,-99.09,Frio
32.92,-102.42,Gaines
32.94,-102.56,Gaines
32.71,-102.65,Gaines
29.38,-95.09,Galveston
29.38,-95.09,Galveston
29.5,-94.99,Galveston
29.45,-95.06,Galveston
29.51,-95.19,Galveston
29.51,-95.19,Galveston
29.3,-94.79,Galveston
29.3,-94.79,Galveston
29.3,-94.79,Galveston
29.3,-94.79,Galveston
29.3,-94.79,Galveston
29.3,-94.79,Galveston
29.31,-95.01,Galveston
29.52,-95.02,Galveston
29.36,-94.99,Galveston
29.48,-95.1,Galveston
29.48,-95.1,Galveston
29.4,-94.95,Galveston
29.4,-94.95,Galveston
29.4,-94.95,Galveston
29.5,-94.51,Galveston
29.56,-94.38,Galveston
29.48,-94.57,Galveston
33.04,-101.2,Garza
33.19,-101.38,Garza
30.47,-99.18,Gillespie
30.27,-98.87,Gillespie
30.3,-99.25,Gillespie
30.2,-98.65,Gillespie
30.4,-98.7,Gillespie
31.87,-101.48,Glasscock
28.69,-97.21,Goliad
28.66,-97.39,Goliad
28.5,-97.53,Goliad
29.39,-97.77,Gonzales
29.26,-97.76,Gonzales
29.27,-97.63,Gonzales
29.53,-97.68,Gonzales
29.43,-97.56,Gonzales
29.5,-97.44,Gonzales
29.66,-97.48,Gonzales
29.59,-97.59,Gonzales
29.35,-97.5,Gonzales
29.69,-97.29,Gonzales
35.21,-100.73,Gray
35.43,-100.8,Gray
35.23,-100.6,Gray
35.54,-100.96,Gray
35.54,-100.96,Gray
33.75,-96.56,Grayson
33.75,-96.56,Grayson
33.45,-96.74,Grayson
33.77,-96.67,Grayson
33.61,-96.6,Grayson
33.61,-96.6,Grayson
33.61,-96.6,Grayson
33.62,-96.41,Grayson
33.51,-96.61,Grayson
33.52,-96.48,Grayson
33.51,-96.39,Grayson
33.41,-96.57,Grayson
33.55,-96.91,Grayson
33.84,-96.88,Grayson
33.68,-96.84,Grayson
33.62,-96.72,Grayson
33.47,-96.91,Grayson
33.65,-96.9,Grayson
32.51,-94.76,Gregg
32.51,-94.76,Gregg
32.51,-94.76,Gregg
32.51,-94.76,Gregg
32.51,-94.76,Gregg
32.51,-94.76,Gregg
32.51,-94.76,Gregg
32.51,-94.76,Gregg
32.51,-94.76,Gregg
32.54,-94.94,Gregg
32.59,-94.76,Gregg
32.38,-94.86,Gregg
32.38,-94.86,Gregg
32.53,-94.85,Gregg
30.3,-95.84,Grimes
30.55,-96.03,Grimes
30.74,-95.92,Grimes
30.73,-96.07,Grimes
30.38,-96.08,Grimes
30.35,-96.06,Grimes
30.54,-95.86,Grimes
30.59,-95.98,Grimes
30.63,-95.9,Grimes
29.57,-98.23,Guadalupe
29.66,-97.96,Guadalupe
29.59,-98.04,Guadalupe
29.57,-98.14,Guadalupe
29.55,-98.26,Guadalupe
29.57,-97.96,Guadalupe
29.57,-97.96,Guadalupe
29.65,-97.81,Guadalupe
29.78,-97.83,Guadalupe
33.99,-101.99,Hale
34.28,-101.89,Hale
34.06,-101.84,Hale
34.19,-101.72,Hale
34.19,-101.72,Hale
33.87,-101.59,Hale
33.83,-101.84,Hale
34.39,-100.89,Hall
34.54,-100.43,Hall
34.67,-100.69,Hall
34.72,-100.54,Hall
31.9,-98.13,Hamilton
31.98,-98.02,Hamilton
31.7,-98.12,Hamilton
31.68,-98.35,Hamilton
36.25,-101.41,Hansford
36.06,-101.47,Hansford
36.19,-101.19,Hansford
34.25,-99.51,Hardeman
34.29,-99.74,Hardeman
30.39,-94.63,Hardin
30.33,-94.56,Hardin
30.24,-94.6,Hardin
30.28,-94.52,Hardin
30.37,-94.31,Hardin
30.34,-94.18,Hardin
30.26,-94.2,Hardin
30.13,-94.4,Hardin
30.37,-94.35,Hardin
29.76,-95.38,Harris
29.76,-95.38,Harris
29.76,-95.38,Harris
29.76,-95.38,Harris
29.76,-95.38,Harris
29.76,-95.38,Harris
29.76,-95.38,Harris
29.76,-95.38,Harris
29.76,-95.38,Harris
29.76,-95.38,Harris
29.76,-95.38,Harris
29.76,-95.38,Harris
29.76,-95.38,Harris
29.76,-95.38,Harris
29.76,-95.38,Harris
29.76,-95.38,Harris
29.76,-95.38,Harris
29.76,-95.38,Harris
29.76,-95.38,Harris
29.76,-95.38,Harris
29.76,-95.38,Harris
29.76,-95.38,Harris
29.76,-95.38,Harris
29.76,-95.38,Harris
29.76,-95.38,Harris
29.76,-95.38,Harris
29.76,-95.38,Harris
29.76,-95.38,Harris
29.76,-95.38,Harris
29.76,-95.38,Harris
29.76,-95.38,Harris
29.76,-95.38,Harris
29.76,-95.38,Harris
29.76,-95.38,Harris
29.76,-95.38,Harris
29.76,-95.38,Harris
29.76,-95.38,Harris
29.76,-95.38,Harris
29.76,-95.38,Harris
29.76,-95.38,Harris
29.76,-95.38,Harris
29.76,-95.38,Harris
29.76,-95.38,Harris
29.76,-95.38,Harris
29.76,-95.38,Harris
29.76,-95.38,Harris
29.76,-95.38,Harris
29.76,-95.38,Harris
29.76,-95.38,Harris
29.76,-95.38,Harris
29.76,-95.38,Harris
29.76,-95.38,Harris
29.76,-95.38,Harris
29.76,-95.38,Harris
29.76,-95.38,Harris
29.76,-95.38,Harris
29.76,-95.38,Harris
29.76,-95.38,Harris
29.76,-95.38,Harris
29.76,-95.38,Harris
29.76,-95.38,Harris
29.76,-95.38,Harris
29.76,-95.38,Harris
29.76,-95.38,Harris
29.76,-95.38,Harris
29.76,-95.38,Harris
29.76,-95.38,Harris
29.76,-95.38,Harris
29.76,-95.38,Harris
29.76,-95.38,Harris
29.76,-95.38,Harris
29.76,-95.38,Harris
29.76,-95.38,Harris
29.76,-95.38,Harris
29.76,-95.38,Harris
29.76,-95.38,Harris
29.76,-95.38,Harris
29.76,-95.38,Harris
29.76,-95.38,Harris
29.76,-95.38,Harris
29.76,-95.38,Harris
29.76,-95.38,Harris
29.76,-95.38,Harris
29.76,-95.38,Harris
29.76,-95.38,Harris
29.76,-95.38,Harris
29.76,-95.38,Harris
29.76,-95.38,Harris
29.76,-95.38,Harris
29.76,-95.38,Harris
29.76,-95.38,Harris
29.76,-95.38,Harris
29.76,-95.38,Harris
29.76,-95.38,Harris
29.76,-95.38,Harris
29.76,-95.38,Harris
29.76,-95.36,Harris
29.76,-95.38,Harris
29.76,-95.38,Harris
29.76,-95.38,Harris
29.76,-95.38,Harris
29.76,-95.38,Harris
29.76,-95.38,Harris
29.76,-95.38,Harris
29.76,-95.38,Harris
29.76,-95.38,Harris
29.76,-95.38,Harris
29.76,-95.38,Harris
29.76,-95.38,Harris
29.76,-95.38,Harris
29.76,-95.38,Harris
29.76,-95.38,Harris
29.76,-95.38,Harris
29.76,-95.38,Harris
29.76,-95.38,Harris
29.76,-95.38,Harris
29.76,-95.38,Harris
29.76,-95.38,Harris
29.76,-95.38,Harris
29.76,-95.38,Harris
29.76,-95.38,Harris
29.76,-95.38,Harris
29.76,-95.38,Harris
29.76,-95.38,Harris
29.76,-95.38,Harris
29.76,-95.38,Harris
29.76,-95.38,Harris
29.76,-95.38,Harris
29.76,-95.38,Harris
29.76,-95.38,Harris
29.76,-95.38,Harris
29.76,-95.38,Harris
29.76,-95.38,Harris
29.76,-95.38,Harris
29.76,-95.38,Harris
29.76,-95.38,Harris
29.76,-95.38,Harris
29.76,-95.38,Harris
29.76,-95.38,Harris
29.76,-95.38,Harris
29.64,-95.43,Harris
29.64,-95.43,Harris
29.76,-95.38,Harris
29.76,-95.38,Harris
29.7,-95.53,Harris
29.76,-95.38,Harris
29.76,-95.38,Harris
29.76,-95.38,Harris
29.76,-95.38,Harris
29.76,-95.38,Harris
29.76,-95.38,Harris
29.76,-95.38,Harris
29.76,-95.38,Harris
29.76,-95.38,Harris
29.67,-95.24,Harris
29.76,-95.38,Harris
29.76,-95.38,Harris
29.76,-95.38,Harris
29.76,-95.38,Harris
29.76,-95.38,Harris
29.76,-95.38,Harris
29.76,-95.38,Harris
29.76,-95.38,Harris
29.76,-95.38,Harris
29.76,-95.38,Harris
29.76,-95.38,Harris
29.76,-95.38,Harris
29.76,-95.38,Harris
29.76,-95.38,Harris
29.75,-95.36,Harris
29.76,-95.38,Harris
29.76,-95.51,Harris
29.76,-95.38,Harris
29.76,-95.38,Harris
29.76,-95.38,Harris
29.76,-95.38,Harris
29.75,-95.36,Harris
29.67,-95.36,Harris
29.76,-95.38,Harris
29.76,-95.38,Harris
29.76,-95.38,Harris
29.76,-95.38,Harris
29.76,-95.38,Harris
29.76,-95.38,Harris
29.76,-95.38,Harris
29.86,-95.24,Harris
29.76,-95.36,Harris
29.76,-95.38,Harris
29.76,-95.36,Harris
29.76,-95.38,Harris
29.95,-95.34,Harris
29.99,-95.26,Harris
30.06,-95.09,Harris
30.12,-95.59,Harris
29.99,-95.26,Harris
29.99,-95.26,Harris
29.99,-95.26,Harris
29.99,-95.26,Harris
29.99,-95.26,Harris
30.06,-95.38,Harris
30.09,-95.61,Harris
30.09,-95.61,Harris
30.06,-95.38,Harris
30.06,-95.38,Harris
30.06,-95.38,Harris
30.06,-95.38,Harris
30.06,-95.38,Harris
30.06,-95.38,Harris
30.06,-95.38,Harris
29.99,-95.26,Harris
29.7,-95.46,Harris
29.7,-95.46,Harris
29.96,-95.69,Harris
29.7,-95.58,Harris
29.83,-95.77,Harris
29.96,-95.69,Harris
29.96,-95.69,Harris
30.04,-95.81,Harris
29.79,-95.82,Harris
29.79,-95.82,Harris
30.05,-95.92,Harris
29.79,-95.82,Harris
29.66,-95.15,Harris
29.66,-95.15,Harris
29.66,-95.15,Harris
29.66,-95.15,Harris
29.66,-95.15,Harris
29.66,-95.15,Harris
29.66,-95.15,Harris
29.66,-95.15,Harris
29.74,-94.96,Harris
29.74,-94.96,Harris
29.74,-94.96,Harris
29.78,-95.11,Harris
29.91,-95.05,Harris
29.69,-95.11,Harris
29.74,-95.23,Harris
29.81,-95.05,Harris
29.66,-95.04,Harris
29.66,-95.04,Harris
29.56,-95.02,Harris
29.66,-95.22,Harris
29.53,-95.11,Harris
32.44,-94.2,Harrison
32.5,-94.57,Harrison
32.66,-94.52,Harrison
32.49,-94.11,Harrison
32.62,-94.14,Harrison
32.53,-94.35,Harrison
32.53,-94.35,Harrison
32.53,-94.35,Harrison
32.53,-94.24,Harrison
32.47,-94.06,Harrison
32.66,-94.34,Harrison
35.68,-102.33,Hartley
35.88,-102.39,Hartley
33.32,-99.67,Haskell
33.15,-99.73,Haskell
33.38,-99.84,Haskell
33.31,-99.85,Haskell
33.18,-99.89,Haskell
33.18,-99.89,Haskell
30.08,-97.83,Hays
30.11,-98.03,Hays
30.18,-98.08,Hays
29.99,-97.87,Hays
29.88,-97.92,Hays
29.88,-97.92,Hays
29.99,-98.1,Hays
30.26,-97.74,Hays
35.91,-100.38,Hemphill
32.3,-96.01,Henderson
32.43,-96.22,Henderson
32.17,-96.01,Henderson
32.25,-96.08,Henderson
32.14,-96.09,Henderson
32.2,-95.85,Henderson
32.2,-95.85,Henderson
32.29,-95.61,Henderson
32.3,-95.47,Henderson
32.14,-95.64,Henderson
32.27,-95.75,Henderson
32.07,-95.59,Henderson
26.21,-98.23,Hidalgo
26.21,-98.23,Hidalgo
26.21,-98.23,Hidalgo
26.21,-98.23,Hidalgo
26.21,-98.23,Hidalgo
26.18,-98.11,Hidalgo
26.16,-98.05,Hidalgo
26.29,-97.96,Hidalgo
26.29,-98.16,Hidalgo
26.29,-98.16,Hidalgo
26.46,-98.25,Hidalgo
26.35,-98.11,Hidalgo
26.29,-97.99,Hidalgo
26.42,-97.98,Hidalgo
26.1,-98.25,Hidalgo
26.3,-97.94,Hidalgo
26.24,-98.47,Hidalgo
26.29,-97.92,Hidalgo
26.6,-98.19,Hidalgo
26.33,-98.46,Hidalgo
26.14,-97.92,Hidalgo
26.21,-98.31,Hidalgo
26.21,-98.31,Hidalgo
26.31,-98.35,Hidalgo
26.23,-98.44,Hidalgo
26.18,-98.18,Hidalgo
26.09,-97.96,Hidalgo
26.19,-98.15,Hidalgo
26.28,-98.56,Hidalgo
26.16,-97.98,Hidalgo
26.16,-97.98,Hidalgo
32.15,-97.14,Hill
31.88,-97.07,Hill
31.85,-97.22,Hill
32.14,-97.39,Hill
32.05,-96.96,Hill
31.96,-97,Hill
32.17,-97.25,Hill
32,-97.11,Hill
31.84,-96.8,Hill
31.99,-96.85,Hill
31.91,-96.89,Hill
32.05,-96.89,Hill
31.75,-96.88,Hill
31.85,-96.92,Hill
31.94,-97.32,Hill
33.81,-102.16,Hockley
33.57,-102.36,Hockley
33.57,-102.36,Hockley
33.81,-102.56,Hockley
33.41,-102.15,Hockley
33.58,-102.16,Hockley
33.45,-102.49,Hockley
33.73,-102.32,Hockley
32.53,-97.65,Hood
32.44,-97.78,Hood
32.44,-97.78,Hood
32.51,-98.04,Hood
32.35,-97.89,Hood
32.39,-97.91,Hood
33.11,-95.72,Hopkins
33.06,-95.47,Hopkins
33.13,-95.83,Hopkins
33.19,-95.46,Hopkins
33.02,-95.45,Hopkins
33.19,-95.34,Hopkins
33.33,-95.36,Hopkins
33.14,-95.61,Hopkins
33.14,-95.61,Hopkins
31.31,-95.45,Houston
31.49,-95.48,Houston
31.35,-95.18,Houston
31.38,-95.47,Houston
31.12,-95.44,Houston
31.38,-95.11,Houston
32.29,-101.3,Howard
32.24,-101.47,Howard
32.24,-101.47,Howard
32.11,-101.36,Howard
32.4,-101.64,Howard
31.93,-105.2,Hudspeth
31.51,-105.71,Hudspeth
31.17,-105.35,Hudspeth
33.06,-96.22,Hunt
33.11,-96.1,Hunt
33.11,-96.1,Hunt
33.11,-96.1,Hunt
33.11,-96.1,Hunt
33.14,-95.95,Hunt
33.29,-96.19,Hunt
33.23,-95.9,Hunt
33.23,-95.9,Hunt
32.99,-95.94,Hunt
33.21,-96.28,Hunt
32.9,-96.13,Hunt
33.36,-96.06,Hunt
35.65,-101.4,Hutchinson
35.65,-101.4,Hutchinson
35.64,-101.59,Hutchinson
35.7,-101.53,Hutchinson
35.82,-101.44,Hutchinson
31.12,-101.17,Irion
31.26,-100.82,Irion
33.15,-98.38,Jack
33.22,-98.15,Jack
33.25,-98.39,Jack
33.08,-98.05,Jack
28.97,-96.64,Jackson
28.8,-96.35,Jackson
29.04,-96.51,Jackson
28.76,-96.62,Jackson
28.84,-96.46,Jackson
28.81,-96.44,Jackson
28.85,-96.66,Jackson
31.09,-93.97,Jasper
30.92,-93.99,Jasper
30.65,-93.89,Jasper
30.44,-93.96,Jasper
30.33,-94.06,Jasper
30.59,-103.9,Jeff Davis
30.58,-104.49,Jeff Davis
30.05,-94.33,Jefferson
29.94,-93.91,Jefferson
29.86,-94.31,Jefferson
29.97,-93.99,Jefferson
30.03,-94.41,Jefferson
29.89,-93.92,Jefferson
29.89,-93.92,Jefferson
29.89,-93.92,Jefferson
29.89,-93.92,Jefferson
29.97,-93.94,Jefferson
29.73,-93.89,Jefferson
30.08,-94.14,Jefferson
30.08,-94.14,Jefferson
30.08,-94.14,Jefferson
30.08,-94.14,Jefferson
30.08,-94.14,Jefferson
30.08,-94.14,Jefferson
30.08,-94.14,Jefferson
30.08,-94.14,Jefferson
30.14,-94.14,Jefferson
30.08,-94.14,Jefferson
30.08,-94.14,Jefferson
30.08,-94.14,Jefferson
30.08,-94.14,Jefferson
30.08,-94.14,Jefferson
26.88,-98.88,Jim Hogg
27.31,-98.68,Jim Hogg
27.75,-98.06,Jim Wells
27.75,-98.06,Jim Wells
27.63,-98.08,Jim Wells
27.95,-97.93,Jim Wells
27.35,-98.12,Jim Wells
32.41,-97.21,Johnson
32.53,-97.32,Johnson
32.34,-97.4,Johnson
32.34,-97.4,Johnson
32.44,-97.52,Johnson
32.26,-97.17,Johnson
32.46,-97.38,Johnson
32.39,-97.33,Johnson
32.42,-97.2,Johnson
32.42,-97.1,Johnson
32.23,-97.37,Johnson
32.53,-97.32,Johnson
32.75,-99.89,Jones
32.86,-99.71,Jones
32.88,-100.12,Jones
32.6,-99.81,Jones
32.79,-99.62,Jones
33.02,-99.64,Jones
29.03,-97.75,Karnes
28.98,-98.02,Karnes
29.13,-97.8,Karnes
28.93,-97.98,Karnes
28.88,-97.9,Karnes
28.81,-97.85,Karnes
28.97,-97.87,Karnes
28.64,-98,Karnes
28.88,-97.71,Karnes
32.63,-96.45,Kaufman
32.68,-96.21,Kaufman
32.75,-96.46,Kaufman
32.58,-96.3,Kaufman
32.36,-96.1,Kaufman
32.46,-96.44,Kaufman
32.47,-96.41,Kaufman
32.73,-96.29,Kaufman
32.73,-96.29,Kaufman
29.81,-98.58,Kendall
29.8,-98.73,Kendall
29.97,-98.9,Kendall
29.96,-98.51,Kendall
29.95,-98.8,Kendall
26.82,-97.75,Kenedy
27.21,-97.8,Kenedy
33.36,-100.66,Kent
33.25,-100.57,Kent
29.93,-99.03,Kerr
30.06,-99.33,Kerr
30.07,-99.23,Kerr
30.04,-99.13,Kerr
30.04,-99.13,Kerr
30.16,-99.36,Kerr
30.48,-99.77,Kimble
30.67,-99.57,Kimble
30.49,-100.05,Kimble
30.33,-99.98,Kimble
33.62,-100.32,King
29.31,-100.41,Kinney
27.5,-97.86,Kleberg
27.5,-97.86,Kleberg
27.28,-97.81,Kleberg
33.46,-99.52,Knox
33.44,-99.62,Knox
33.58,-99.79,Knox
33.41,-99.81,Knox
28.22,-99.29,La Salle
28.43,-99.23,La Salle
28.04,-99.35,La Salle
28.45,-98.81,La Salle
33.84,-95.46,Lamar
33.66,-95.38,Lamar
33.61,-95.67,Lamar
33.86,-95.57,Lamar
33.42,-95.35,Lamar
33.52,-95.31,Lamar
33.66,-95.54,Lamar
33.66,-95.54,Lamar
33.66,-95.54,Lamar
33.56,-95.39,Lamar
33.61,-95.79,Lamar
33.77,-95.53,Lamar
33.54,-95.72,Lamar
33.77,-95.71,Lamar
34.23,-102.4,Lamb
34.17,-102.13,Lamb
34.23,-102.3,Lamb
34.01,-102.41,Lamb
34.03,-102.22,Lamb
33.91,-102.33,Lamb
33.92,-102.15,Lamb
34.06,-102.52,Lamb
31.07,-98,Lampasas
31.06,-98.18,Lampasas
31.21,-98.39,Lampasas
29.44,-96.94,Lavaca
29.57,-97.14,Lavaca
29.43,-97.17,Lavaca
29.48,-96.8,Lavaca
29.35,-97.08,Lavaca
29.29,-97.14,Lavaca
30.35,-96.81,Lee
30.18,-96.92,Lee
30.23,-96.76,Lee
30.41,-97,Lee
30.31,-96.97,Lee
31.46,-96.06,Leon
31.25,-95.97,Leon
31.36,-96.14,Leon
31.15,-95.97,Leon
31.58,-95.84,Leon
31.26,-96.1,Leon
31.14,-96.12,Leon
31.23,-96.25,Leon
31.03,-96.11,Leon
30.34,-95.07,Liberty
30.31,-94.76,Liberty
30.31,-94.76,Liberty
30.11,-94.64,Liberty
30.05,-94.89,Liberty
30.02,-94.58,Liberty
30.15,-94.73,Liberty
30.13,-94.65,Liberty
30.04,-94.79,Liberty
29.99,-94.74,Liberty
31.75,-96.65,Limestone
31.52,-96.53,Limestone
31.3,-96.62,Limestone
31.67,-96.48,Limestone
31.65,-96.78,Limestone
31.74,-96.54,Limestone
31.41,-96.57,Limestone
36.45,-100.54,Lipscomb
36.44,-100.32,Lipscomb
36.43,-100.14,Lipscomb
36.12,-100.02,Lipscomb
36.23,-100.27,Lipscomb
28.33,-98.11,Live Oak
28.41,-98.06,Live Oak
28.46,-98.17,Live Oak
28.62,-98.27,Live Oak
28.2,-97.93,Live Oak
28.01,-97.88,Live Oak
30.7,-98.5,Llano
30.83,-98.84,Llano
30.83,-98.49,Llano
30.79,-98.43,Llano
30.66,-98.45,Llano
30.75,-98.67,Llano
30.57,-98.27,Llano
30.88,-98.46,Llano
31.71,-103.6,Loving
33.66,-101.68,Lubbock
33.73,-101.83,Lubbock
33.69,-101.99,Lubbock
33.43,-101.64,Lubbock
33.52,-101.68,Lubbock
33.5,-102.01,Lubbock
33.57,-101.87,Lubbock
33.57,-101.87,Lubbock
33.57,-101.87,Lubbock
33.57,-101.87,Lubbock
33.57,-101.84,Lubbock
33.57,-101.87,Lubbock
33.57,-101.87,Lubbock
33.57,-101.87,Lubbock
33.57,-101.87,Lubbock
33.57,-101.87,Lubbock
33.57,-101.87,Lubbock
33.57,-101.87,Lubbock
33.57,-101.87,Lubbock
33.57,-101.87,Lubbock
33.57,-101.87,Lubbock
33.57,-101.87,Lubbock
33.57,-101.87,Lubbock
33.57,-101.87,Lubbock
33.57,-101.87,Lubbock
33.57,-101.87,Lubbock
33.57,-101.87,Lubbock
33.57,-101.87,Lubbock
33.57,-101.87,Lubbock
33.57,-101.87,Lubbock
33.57,-101.87,Lubbock
33.57,-101.87,Lubbock
33.57,-101.87,Lubbock
33,-101.82,Lynn
33.16,-101.79,Lynn
33.31,-101.72,Lynn
33.32,-101.91,Lynn
31.02,-95.75,Madison
30.95,-95.9,Madison
30.93,-96.08,Madison
32.86,-94.3,Marion
32.89,-94.55,Marion
32.76,-94.34,Marion
32.31,-101.88,Martin
32.12,-101.79,Martin
32.31,-101.98,Martin
30.74,-99.1,Mason
30.93,-99.11,Mason
30.74,-99.23,Mason
30.9,-98.97,Mason
28.97,-95.96,Matagorda
28.97,-95.96,Matagorda
28.94,-95.76,Matagorda
28.83,-96.23,Matagorda
28.68,-96.16,Matagorda
28.82,-96.08,Matagorda
28.96,-96.06,Matagorda
28.8,-95.89,Matagorda
28.94,-96.25,Matagorda
28.71,-96.23,Matagorda
29.17,-95.89,Matagorda
29.03,-95.88,Matagorda
28.83,-95.93,Matagorda
28.7,-100.49,Maverick
28.7,-100.49,Maverick
28.51,-100.31,Maverick
28.95,-100.63,Maverick
31.13,-99.37,McCulloch
31.39,-99.59,McCulloch
31.32,-99.4,McCulloch
31.19,-99.58,McCulloch
31.22,-99.21,McCulloch
31.01,-99.18,McCulloch
31.3,-97.36,McLennan
31.65,-96.97,McLennan
31.33,-97.21,McLennan
31.67,-97.31,McLennan
31.53,-97.44,McLennan
31.67,-97.1,McLennan
31.45,-97.19,McLennan
31.73,-97.02,McLennan
31.38,-97.21,McLennan
31.45,-97.37,McLennan
31.54,-96.83,McLennan
31.47,-96.93,McLennan
31.72,-97.11,McLennan
31.8,-97.09,McLennan
31.56,-97.18,McLennan
31.56,-97.18,Mclennan
31.56,-97.18,Mclennan
31.56,-97.18,McLennan
31.56,-97.18,McLennan
31.56,-97.18,McLennan
31.56,-97.18,McLennan
31.56,-97.18,McLennan
31.56,-97.18,McLennan
31.56,-97.18,McLennan
31.49,-97.23,McLennan
31.56,-97.18,Mclennan
31.56,-97.18,Mclennan
31.56,-97.18,Mclennan
31.47,-97.24,Mclennan
31.56,-97.18,Mclennan
31.56,-97.18,McLennan
31.56,-97.18,Mclennan
28.46,-98.35,McMullen
28.45,-98.54,McMullen
29.34,-98.87,Medina
29.14,-98.9,Medina
29.3,-98.81,Medina
29.53,-98.93,Medina
29.19,-98.85,Medina
29.43,-98.88,Medina
29.35,-99.31,Medina
29.35,-99.15,Medina
29.15,-99.13,Medina
30.84,-100.06,Menard
30.86,-99.52,Menard
30.91,-99.78,Menard
32.02,-102.1,Midland
32.02,-102.1,Midland
32.02,-102.1,Midland
32.02,-102.1,Midland
32.02,-102.1,Midland
32.02,-102.1,Midland
32.02,-102.1,Midland
32.02,-102.1,Midland
32.02,-102.1,Midland
32.02,-102.1,Midland
32.02,-102.1,Midland
30.87,-97.12,Milam
30.95,-96.86,Milam
30.85,-96.97,Milam
30.76,-97.18,Milam
30.7,-96.85,Milam
30.65,-97,Milam
30.61,-97.2,Milam
30.78,-96.67,Milam
31.45,-98.57,Mills
31.55,-98.66,Mills
31.69,-98.5,Mills
31.47,-98.41,Mills
32.39,-100.85,Mitchell
32.4,-100.71,Mitchell
32.35,-101.01,Mitchell
33.55,-97.84,Montague
33.54,-97.59,Montague
33.67,-97.72,Montague
33.78,-97.73,Montague
33.8,-97.95,Montague
33.69,-97.52,Montague
33.45,-97.77,Montague
30.32,-95.47,Montgomery
30.32,-95.47,Montgomery
30.32,-95.47,Montgomery
30.32,-95.47,Montgomery
30.32,-95.47,Montgomery
30.32,-95.47,Montgomery
30.39,-95.69,Montgomery
30.42,-95.47,Montgomery
30.39,-95.68,Montgomery
30.21,-95.74,Montgomery
30.21,-95.74,Montgomery
30.21,-95.74,Montgomery
30.39,-95.69,Montgomery
30.15,-95.18,Montgomery
30.18,-95.7,Montgomery
30.1,-95.29,Montgomery
30.23,-95.16,Montgomery
30.42,-95.47,Montgomery
30.06,-95.38,Montgomery
30.06,-95.38,Montgomery
30.06,-95.38,Montgomery
30.32,-95.47,Montgomery
30.32,-95.47,Montgomery
30.06,-95.38,Montgomery
36.04,-102.01,Moore
35.86,-101.96,Moore
35.63,-101.96,Moore
36.01,-101.82,Moore
33.17,-94.74,Morris
33.03,-94.81,Morris
33.03,-94.72,Morris
32.93,-94.7,Morris
34.22,-100.98,Motley
34.01,-100.82,Motley
33.89,-100.85,Motley
31.81,-94.84,Nacogdoches
31.81,-94.9,Nacogdoches
31.49,-94.34,Nacogdoches
31.65,-94.87,Nacogdoches
31.34,-94.41,Nacogdoches
31.82,-94.49,Nacogdoches
31.64,-94.43,Nacogdoches
31.61,-94.65,Nacogdoches
31.61,-94.65,Nacogdoches
31.61,-94.65,Nacogdoches
31.61,-94.65,Nacogdoches
31.61,-94.65,Nacogdoches
31.5,-94.5,Nacogdoches
32.09,-96.63,Navarro
32.29,-96.36,Navarro
32.08,-96.39,Navarro
32.08,-96.46,Navarro
32.13,-96.22,Navarro
32.08,-96.46,Navarro
32.11,-96.32,Navarro
32.24,-96.5,Navarro
32.09,-96.71,Navarro
31.89,-96.71,Navarro
32.07,-96.8,Navarro
31.94,-96.57,Navarro
31.92,-96.42,Navarro
30.68,-93.75,Newton
30.99,-93.66,Newton
30.61,-93.87,Newton
30.85,-93.75,Newton
30.99,-93.7,Newton
30.3,-93.75,Newton
32.08,-100.31,Nolan
32.23,-100.45,Nolan
32.27,-100.24,Nolan
32.44,-100.54,Nolan
32.46,-100.4,Nolan
27.78,-97.9,Nueces
27.85,-97.79,Nueces
27.58,-97.79,Nueces
27.58,-97.45,Nueces
27.67,-97.75,Nueces
27.82,-97.06,Nueces
27.79,-97.66,Nueces
27.8,-97.39,Nueces
27.8,-97.39,Nueces
27.8,-97.39,Nueces
27.8,-97.39,Nueces
27.8,-97.39,Nueces
27.8,-97.39,Nueces
27.8,-97.39,Nueces
27.8,-97.39,Nueces
27.8,-97.39,Nueces
27.8,-97.39,Nueces
27.8,-97.39,Nueces
27.8,-97.39,Nueces
27.8,-97.39,Nueces
27.8,-97.39,Nueces
27.8,-97.39,Nueces
27.8,-97.39,Nueces
27.8,-97.39,Nueces
27.8,-97.39,Nueces
27.8,-97.39,Nueces
27.8,-97.39,Nueces
27.8,-97.39,Nueces
27.8,-97.39,Nueces
27.79,-97.42,Nueces
27.8,-97.39,Nueces
27.8,-97.39,Nueces
27.8,-97.39,Nueces
27.8,-97.39,Nueces
27.8,-97.39,Nueces
27.8,-97.39,Nueces
27.8,-97.39,Nueces
27.8,-97.39,Nueces
27.8,-97.39,Nueces
27.79,-97.39,Nueces
27.8,-97.39,Nueces
27.79,-97.39,Nueces
27.8,-97.39,Nueces
27.8,-97.39,Nueces
27.79,-97.39,Nueces
27.8,-97.39,Nueces
36.32,-100.96,Ochiltree
36.39,-100.8,Ochiltree
36.28,-101.04,Ochiltree
35.27,-102.66,Oldham
35.51,-102.25,Oldham
35.24,-102.42,Oldham
35.21,-102.24,Oldham
30.02,-93.85,Orange
30.21,-93.87,Orange
30.1,-93.75,Orange
30.1,-93.75,Orange
30.1,-93.75,Orange
30.03,-93.89,Orange
30.12,-94,Orange
30.12,-94,Orange
32.82,-98.07,Palo Pinto
32.93,-98.24,Palo Pinto
32.54,-98.36,Palo Pinto
32.53,-98.42,Palo Pinto
32.58,-98.18,Palo Pinto
32.55,-98.49,Palo Pinto
32.75,-98.28,Palo Pinto
32.24,-94.45,Panola
32.15,-94.33,Panola
32.08,-94.49,Panola
32.21,-94.14,Panola
32.01,-94.24,Panola
32.04,-94.5,Panola
32.35,-94.09,Panola
32.69,-97.6,Parker
32.89,-97.53,Parker
32.75,-98,Parker
32.82,-98.07,Parker
32.96,-97.68,Parker
32.83,-97.7,Parker
32.75,-97.77,Parker
32.75,-97.77,Parker
32.75,-97.77,Parker
32.61,-97.92,Parker
32.87,-97.86,Parker
32.97,-97.87,Parker
32.96,-98.02,Parker
34.51,-102.88,Parmer
34.63,-102.72,Parmer
34.39,-102.61,Parmer
34.39,-102.89,Parmer
31.24,-103.07,Pecos
30.89,-102.88,Pecos
31.27,-102.69,Pecos
30.91,-101.89,Pecos
30.69,-101.82,Pecos
30.95,-94.71,Polk
30.99,-94.82,Polk
30.92,-94.93,Polk
30.54,-94.79,Polk
30.65,-94.6,Polk
30.6,-94.94,Polk
30.84,-94.85,Polk
30.7,-94.93,Polk
30.8,-95.1,Polk
30.7,-94.93,Polk
35.19,-102.06,Potter
35.2,-101.81,Potter
35.2,-101.81,Potter
35.2,-101.81,Potter
35.2,-101.81,Potter
35.2,-101.81,Potter
35.2,-101.81,Potter
35.2,-101.81,Potter
35.2,-101.81,Potter
35.2,-101.81,Potter
35.2,-101.81,Potter
35.2,-101.81,Potter
35.2,-101.81,Potter
35.2,-101.81,Potter
35.2,-101.81,Potter
35.2,-101.81,Potter
35.2,-101.81,Potter
35.2,-101.81,Potter
35.2,-101.81,Potter
35.2,-101.81,Potter
35.2,-101.81,Potter
35.2,-101.81,Potter
35.26,-101.71,Potter
35.2,-101.81,Potter
30.31,-104.02,Presidio
29.56,-104.36,Presidio
29.45,-104.19,Presidio
32.87,-95.76,Rains
32.93,-95.87,Rains
34.98,-101.92,Randall
34.98,-101.92,Randall
34.74,-101.85,Randall
34.95,-102.1,Randall
35.2,-101.81,Randall
35.2,-101.81,Randall
35.2,-101.81,Randall
35.2,-101.81,Randall
35.2,-101.81,Randall
31.19,-101.45,Reagan
29.66,-100.01,Real
29.72,-99.76,Real
29.63,-99.73,Real
33.82,-95.14,Red River
33.46,-95.21,Red River
33.61,-95.05,Red River
33.66,-95.26,Red River
33.58,-94.91,Red River
33.55,-94.77,Red River
30.98,-103.74,Reeves
31.83,-103.91,Reeves
31.4,-103.5,Reeves
31.03,-103.66,Reeves
31.31,-103.79,Reeves
30.94,-103.77,Reeves
28.39,-96.84,Refugio
28.43,-96.88,Refugio
28.09,-97.21,Refugio
28.3,-97.27,Refugio
28.23,-97.32,Refugio
35.69,-100.64,Roberts
31.16,-96.67,Robertson
30.97,-96.67,Robertson
31.02,-96.48,Robertson
30.87,-96.59,Robertson
30.72,-96.56,Robertson
31.05,-96.4,Robertson
30.91,-96.38,Robertson
32.92,-96.45,Rockwall
32.92,-96.45,Rockwall
32.94,-96.38,Rockwall
32.97,-96.33,Rockwall
31.74,-99.95,Runnels
31.6,-100.18,Runnels
31.87,-100.12,Runnels
31.64,-100.04,Runnels
32.04,-100.11,Runnels
31.96,-99.93,Runnels
32.38,-94.59,Rusk
32.15,-94.79,Rusk
32.15,-94.79,Rusk
32.15,-94.79,Rusk
32.17,-94.9,Rusk
32.35,-94.9,Rusk
31.94,-94.85,Rusk
32.04,-94.76,Rusk
31.91,-94.68,Rusk
32.26,-94.93,Rusk
32.27,-94.97,Rusk
32.08,-94.94,Rusk
32.18,-94.95,Rusk
32.31,-94.51,Rusk
31.34,-94,Sabine
31.34,-93.85,Sabine
31.48,-93.86,Sabine
31.24,-93.97,Sabine
31.3,-94.26,San Augustine
31.52,-94.11,San Augustine
30.34,-95.07,San Jacinto
30.59,-95.12,San Jacinto
30.74,-95.3,San Jacinto
30.76,-95.25,San Jacinto
30.49,-95,San Jacinto
27.9,-97.14,San Patricio
27.9,-97.14,San Patricio
27.93,-97.66,San Patricio
27.92,-97.29,San Patricio
27.87,-97.2,San Patricio
28.09,-97.82,San Patricio
27.94,-97.58,San Patricio
27.87,-97.32,San Patricio
28.03,-97.5,San Patricio
27.98,-97.39,San Patricio
31.09,-98.51,San Saba
30.98,-98.7,San Saba
31.27,-98.94,San Saba
31.19,-98.72,San Saba
30.86,-100.59,Schleicher
32.57,-100.89,Scurry
32.89,-101.15,Scurry
32.64,-100.76,Scurry
32.58,-101,Scurry
32.71,-100.91,Scurry
32.71,-100.91,Scurry
32.72,-99.29,Shackelford
32.54,-99.16,Shackelford
31.79,-94.17,Shelby
31.96,-94.05,Shelby
31.7,-93.95,Shelby
31.94,-94.24,Shelby
31.9,-94.39,Shelby
36.33,-102.07,Sherman
32.32,-95.3,Smith
32.32,-95.3,Smith
32.32,-95.3,Smith
32.32,-95.3,Smith
32.32,-95.3,Smith
32.32,-95.3,Smith
32.32,-95.3,Smith
32.32,-95.3,Smith
32.32,-95.3,Smith
32.32,-95.3,Smith
32.32,-95.3,Smith
32.32,-95.3,Smith
32.32,-95.3,Smith
32.22,-95.05,Smith
32.2,-95.39,Smith
32.5,-95.4,Smith
32.22,-95.21,Smith
32.49,-95.17,Smith
32.32,-95.3,Smith
32.32,-95.3,Smith
32.23,-97.75,Somervell
32.28,-97.64,Somervell
32.28,-97.7,Somervell
26.64,-98.4,Starr
26.56,-99.12,Starr
26.33,-98.71,Starr
26.39,-98.55,Starr
26.37,-98.82,Starr
26.4,-99.01,Starr
26.5,-99.07,Starr
26.73,-98.39,Starr
26.74,-98.52,Starr
32.75,-98.91,Stephens
32.68,-98.64,Stephens
31.83,-100.98,Sterling
33.13,-100.22,Stonewall
33.12,-100.05,Stonewall
30.57,-100.64,Sutton
34.36,-101.74,Swisher
34.53,-101.77,Swisher
32.69,-97.01,Tarrant
32.79,-96.76,Tarrant
32.69,-97.12,Tarrant
32.69,-97.12,Tarrant
32.69,-97.12,Tarrant
32.69,-97.12,Tarrant
32.69,-97.12,Tarrant
32.69,-97.12,Tarrant
32.69,-97.12,Tarrant
32.69,-97.12,Tarrant
32.69,-97.12,Tarrant
32.69,-97.12,Tarrant
32.69,-97.12,Tarrant
32.69,-97.12,Tarrant
32.69,-97.12,Tarrant
32.69,-97.12,Tarrant
32.69,-97.12,Tarrant
32.69,-97.12,Tarrant
32.69,-97.12,Tarrant
32.84,-97.13,Tarrant
32.84,-97.13,Tarrant
32.89,-97.14,Tarrant
32.57,-97.35,Tarrant
32.84,-97.07,Tarrant
32.84,-97.07,Tarrant
32.93,-97.07,Tarrant
32.95,-97.33,Tarrant
32.83,-97.17,Tarrant
32.83,-97.17,Tarrant
32.64,-97.21,Tarrant
32.56,-97.11,Tarrant
32.95,-97.14,Tarrant
32.69,-97.12,Tarrant
32.84,-97.13,Tarrant
32.69,-97.12,Tarrant
32.89,-97.53,Tarrant
32.93,-97.07,Tarrant
32.75,-97.33,Tarrant
32.75,-97.33,Tarrant
32.75,-97.33,Tarrant
32.75,-97.33,Tarrant
32.75,-97.33,Tarrant
32.75,-97.33,Tarrant
32.75,-97.33,Tarrant
32.75,-97.33,Tarrant
32.75,-97.33,Tarrant
32.75,-97.33,Tarrant
32.75,-97.33,Tarrant
32.75,-97.33,Tarrant
32.75,-97.33,Tarrant
32.75,-97.33,Tarrant
32.75,-97.33,Tarrant
32.75,-97.33,Tarrant
32.81,-97.27,Tarrant
32.75,-97.33,Tarrant
32.75,-97.33,Tarrant
32.75,-97.33,Tarrant
32.75,-97.33,Tarrant
32.75,-97.33,Tarrant
32.75,-97.33,Tarrant
32.75,-97.33,Tarrant
32.75,-97.33,Tarrant
32.77,-97.43,Tarrant
32.75,-97.33,Tarrant
32.75,-97.33,Tarrant
32.75,-97.33,Tarrant
32.75,-97.33,Tarrant
32.75,-97.33,Tarrant
32.75,-97.33,Tarrant
32.75,-97.33,Tarrant
32.75,-97.33,Tarrant
32.75,-97.33,Tarrant
32.75,-97.33,Tarrant
32.75,-97.33,Tarrant
32.75,-97.33,Tarrant
32.75,-97.33,Tarrant
32.75,-97.33,Tarrant
32.75,-97.33,Tarrant
32.75,-97.33,Tarrant
32.75,-97.33,Tarrant
32.75,-97.33,Tarrant
32.72,-97.31,Tarrant
32.75,-97.33,Tarrant
32.86,-97.21,Tarrant
32.75,-97.33,Tarrant
32.86,-97.21,Tarrant
32.75,-97.33,Tarrant
32.75,-97.33,Tarrant
32.75,-97.33,Tarrant
32.75,-97.33,Tarrant
32.75,-97.33,Tarrant
32.75,-97.33,Tarrant
32.75,-97.33,Tarrant
32.75,-97.33,Tarrant
32.75,-97.33,Tarrant
32.93,-97.22,Tarrant
32.93,-97.22,Tarrant
32.28,-99.83,Taylor
32.13,-99.75,Taylor
32.46,-100.01,Taylor
32.17,-99.8,Taylor
32.48,-100.12,Taylor
32.21,-99.79,Taylor
32.45,-99.86,Taylor
32.45,-99.73,Taylor
32.45,-99.73,Taylor
32.45,-99.73,Taylor
32.45,-99.73,Taylor
32.45,-99.73,Taylor
32.45,-99.73,Taylor
32.42,-99.86,Taylor
32.45,-99.73,Taylor
32.45,-99.73,Taylor
32.45,-99.73,Taylor
32.45,-99.73,Taylor
30.05,-102.12,Terrell
30.15,-102.4,Terrell
33.17,-102.27,Terry
33.33,-102.2,Terry
33.18,-102.57,Terry
33.04,-102.42,Terry
33.18,-99.17,Throckmorton
33.01,-99.05,Throckmorton
33.16,-94.97,Titus
33.16,-94.97,Titus
33.36,-95.1,Titus
33.16,-95.1,Titus
33.18,-94.86,Titus
31.47,-100.25,Tom Green
31.44,-100.45,Tom Green
31.44,-100.45,Tom Green
31.44,-100.45,Tom Green
31.44,-100.45,Tom Green
31.44,-100.45,Tom Green
31.44,-100.45,Tom Green
31.43,-100.4,Tom Green
31.44,-100.45,Tom Green
31.59,-100.63,Tom Green
31.19,-100.49,Tom Green
31.26,-100.62,Tom Green
31.45,-100.14,Tom Green
31.34,-100.17,Tom Green
31.37,-100.3,Tom Green
31.66,-100.71,Tom Green
30.26,-97.74,Travis
30.26,-97.74,Travis
30.16,-97.6,Travis
30.56,-97.86,Travis
30.13,-97.89,Travis
30.34,-97.55,Travis
30.44,-97.62,Travis
30.48,-98.16,Travis
30.44,-97.62,Travis
30.26,-97.74,Travis
30.26,-97.74,Travis
30.26,-97.74,Travis
30.26,-97.74,Travis
30.26,-97.74,Travis
30.26,-97.74,Travis
30.26,-97.74,Travis
30.26,-97.74,Travis
30.26,-97.74,Travis
30.26,-97.74,Travis
30.26,-97.74,Travis
30.26,-97.74,Travis
30.26,-97.74,Travis
30.26,-97.74,Travis
30.26,-97.74,Travis
30.26,-97.74,Travis
30.26,-97.74,Travis
30.26,-97.74,Travis
30.26,-97.74,Travis
30.26,-97.74,Travis
30.26,-97.74,Travis
30.26,-97.74,Travis
30.26,-97.74,Travis
30.26,-97.74,Travis
30.26,-97.74,Travis
30.26,-97.74,Travis
30.26,-97.74,Travis
30.26,-97.74,Travis
30.26,-97.74,Travis
30.26,-97.74,Travis
30.26,-97.74,Travis
30.26,-97.74,Travis
30.26,-97.74,Travis
30.26,-97.74,Travis
30.26,-97.74,Travis
30.26,-97.74,Travis
30.26,-97.74,Travis
30.26,-97.74,Travis
30.26,-97.74,Travis
30.26,-97.74,Travis
30.26,-97.74,Travis
30.26,-97.74,Travis
30.26,-97.74,Travis
30.26,-97.74,Travis
30.26,-97.74,Travis
30.26,-97.74,Travis
30.26,-97.74,Travis
30.26,-97.74,Travis
30.26,-97.74,Travis
30.26,-97.74,Travis
30.26,-97.74,Travis
30.26,-97.74,Travis
30.26,-97.74,Travis
30.26,-97.74,Travis
30.26,-97.74,Travis
30.26,-97.74,Travis
30.26,-97.74,Travis
30.26,-97.74,Travis
30.26,-97.74,Travis
30.26,-97.74,Travis
30.26,-97.74,Travis
30.26,-97.74,Travis
30.26,-97.74,Travis
30.26,-97.74,Travis
30.26,-97.74,Travis
30.26,-97.74,Travis
30.26,-97.74,Travis
30.26,-97.74,Travis
30.26,-97.74,Travis
30.26,-97.74,Travis
30.26,-97.74,Travis
30.35,-97.65,Travis
30.26,-97.74,Travis
30.26,-97.74,Travis
30.37,-97.68,Travis
30.27,-97.74,Travis
31.26,-94.97,Trinity
31.05,-95.12,Trinity
31.15,-95.16,Trinity
30.94,-95.37,Trinity
30.99,-95.03,Trinity
31.26,-94.97,Trinity
30.92,-94.6,Tyler
30.9,-94.42,Tyler
30.82,-94.42,Tyler
30.77,-94.42,Tyler
30.77,-94.42,Tyler
30.57,-94.17,Tyler
30.66,-94.38,Tyler
30.69,-94.17,Tyler
30.61,-94.4,Tyler
32.69,-94.66,Upshur
32.73,-94.94,Upshur
32.73,-94.94,Upshur
32.8,-94.71,Upshur
32.58,-95.11,Upshur
32.58,-95.11,Upshur
31.13,-102.21,Upton
31.63,-101.83,Upton
31.22,-101.93,Upton
29.21,-99.78,Uvalde
29.21,-99.78,Uvalde
29.51,-99.73,Uvalde
29.3,-99.63,Uvalde
29.32,-99.46,Uvalde
29.61,-99.53,Uvalde
29.68,-101.16,Val Verde
29.37,-100.89,Val Verde
29.37,-100.89,Val Verde
29.37,-100.89,Val Verde
29.35,-100.78,Val Verde
29.37,-100.89,Val Verde
29.81,-101.56,Val Verde
32.54,-95.86,Van Zandt
32.69,-95.88,Van Zandt
32.68,-95.8,Van Zandt
32.67,-95.71,Van Zandt
32.7,-96,Van Zandt
32.41,-95.66,Van Zandt
32.52,-95.63,Van Zandt
28.82,-96.98,Victoria
28.82,-96.98,Victoria
28.82,-96.98,Victoria
28.82,-96.98,Victoria
28.82,-96.98,Victoria
28.65,-96.9,Victoria
28.87,-96.79,Victoria
28.51,-97.01,Victoria
28.91,-97.1,Victoria
28.66,-96.83,Victoria
28.83,-96.83,Victoria
30.71,-95.54,Walker
30.75,-95.43,Walker
30.71,-95.54,Walker
30.71,-95.54,Walker
30.71,-95.54,Walker
30.71,-95.54,Walker
30.71,-95.54,Walker
30.71,-95.54,Walker
30.71,-95.54,Walker
30.53,-95.48,Walker
30.84,-95.39,Walker
29.78,-95.95,Waller
30.09,-96.08,Waller
30.08,-95.98,Waller
29.81,-95.97,Waller
29.79,-96.1,Waller
29.79,-95.82,Waller
29.79,-95.82,Waller
31.46,-103.39,Ward
31.34,-102.85,Ward
31.63,-103.06,Ward
31.53,-103.12,Ward
31.57,-103,Ward
30.19,-96.21,Washington
30.15,-96.39,Washington
30.15,-96.39,Washington
30.17,-96.59,Washington
30.33,-96.22,Washington
27.53,-99.48,Webb
27.53,-99.48,Webb
27.53,-99.48,Webb
27.53,-99.48,Webb
27.53,-99.48,Webb
27.53,-99.48,Webb
27.53,-99.48,Webb
27.53,-99.48,Webb
27.42,-98.84,Webb
27.43,-98.93,Webb
27.45,-98.91,Webb
29.23,-95.98,Wharton
29.08,-96.17,Wharton
29.52,-96.06,Wharton
29.39,-96.21,Wharton
29.19,-96.27,Wharton
29.34,-96.15,Wharton
29.39,-96.08,Wharton
29.19,-95.99,Wharton
29.57,-96.2,Wharton
29.18,-96.42,Wharton
29.22,-96.18,Wharton
29.31,-96.09,Wharton
35.6,-100.1,Wheeler
35.58,-100.28,Wheeler
35.53,-100.44,Wheeler
35.21,-100.24,Wheeler
35.44,-100.27,Wheeler
33.89,-98.51,Wichita
33.89,-98.51,Wichita
33.89,-98.51,Wichita
33.89,-98.51,Wichita
33.89,-98.51,Wichita
33.89,-98.51,Wichita
33.89,-98.51,Wichita
33.89,-98.51,Wichita
33.98,-98.5,Wichita
34.07,-98.56,Wichita
34.03,-98.91,Wichita
33.95,-98.68,Wichita
33.85,-98.82,Wichita
34.08,-99.03,Wilbarger
34.13,-99.13,Wilbarger
34.14,-99.3,Wilbarger
34.14,-99.3,Wilbarger
34.35,-99.42,Wilbarger
26.53,-97.88,Willacy
26.41,-97.78,Willacy
26.47,-97.78,Willacy
26.5,-97.63,Willacy
26.34,-97.79,Willacy
26.55,-97.43,Willacy
30.83,-97.79,Williamson
30.71,-97.44,Williamson
30.81,-97.6,Williamson
30.72,-97.43,Williamson
30.57,-97.41,Williamson
30.58,-97.29,Williamson
30.51,-97.83,Williamson
30.46,-97.38,Williamson
30.64,-97.68,Williamson
30.64,-97.68,Williamson
30.64,-97.68,Williamson
30.51,-97.83,Williamson
30.7,-97.73,Williamson
30.54,-97.54,Williamson
30.56,-97.86,Williamson
30.66,-97.92,Williamson
30.56,-97.86,Williamson
30.45,-97.71,Williamson
30.51,-97.67,Williamson
30.54,-97.64,Williamson
30.75,-97.59,Williamson
30.67,-97.59,Williamson
30.51,-97.67,Williamson
30.51,-97.67,Williamson
30.51,-97.67,Williamson
30.51,-97.67,Williamson
30.26,-97.74,Williamson
30.26,-97.74,Williamson
29.13,-98.15,Wilson
29.35,-98.11,Wilson
29.25,-97.83,Wilson
29.07,-98.08,Wilson
29.23,-97.96,Wilson
29.26,-98.06,Wilson
31.85,-103.09,Winkler
31.75,-103.15,Winkler
33.08,-97.56,Wise
32.99,-97.47,Wise
33.08,-97.7,Wise
33.05,-97.46,Wise
33.35,-97.69,Wise
33.23,-97.59,Wise
33.38,-97.47,Wise
33.35,-97.39,Wise
33.2,-97.75,Wise
33.29,-97.79,Wise
32.79,-95.63,Wood
32.72,-95.56,Wood
32.95,-95.28,Wood
32.93,-95.57,Wood
32.59,-95.2,Wood
32.66,-95.48,Wood
32.79,-95.44,Wood
32.96,-102.83,Yoakum
33.19,-102.82,Yoakum
33.19,-98.74,Young
33.36,-98.75,Young
33.1,-98.57,Young
33.27,-98.48,Young
33,-98.66,Young
27.19,-99.32,Zapata
26.89,-99.26,Zapata
26.72,-99.1,Zapata
28.94,-99.61,Zavala
28.68,-99.82,Zavala
28.94,-99.84,Zavala
33.14,-96.81,
